TargetID,MaxSpeed,AvgSpeed,MaxAltitude,MinAltitude,TotalDistance,FlightDuration
TARGET_1,75.00004643845229,74.99999800464683,0.0,0.0,2189.143829191306,29169.0
TARGET_2,75.00003916753977,74.99998917592227,0.0,0.0,1914.4869699856938,25508.0
TARGET_3,75.00002740032834,75.00000280562539,0.0,0.0,2463.8006840875532,32824.0
TARGET_4,75.00002649392864,75.00000993073394,0.0,0.0,2013.6281880427975,26825.0
TARGET_5,74.99998666803614,74.99998578806947,0.0,0.0,1478.2237232740824,19697.0
TARGET_6,75.0000148656652,74.99999381065491,0.0,0.0,1548.4460552357941,20628.0
